Workbook

Sheet Segunda a Sexta
A1: SETOR IMC IMC-APCS | F1: RESPONSÁVEL | M1: DATA | V1: Tipo: | AC1: Folha 1/1
X4: NORMAL
AC5: IMC_APCS
F6: JOSE ANTONIO DE BARROS | X6: EXTRA / SÁBADO
F8: Matr.: 2459 | X8: DOMINGO / FERIADO
B10: ORDEM DE SERVIÇO (N. REDUZIDO) | C10: ORDEM DE SERVIÇO | D10: FA | E10: OF | G10: Segunda-Feira | M10: Terça-Feira | U10: Quarta-Feira | AC10: Quinta-Feira | AI10: Sexta-Feira
G11: 36892 | M11: 36892 | U11: 36892 | AC11: 36892 | AI11: 36892
G12: JOSE ANTONIO DE BARROS | H12: AMARILDO ROSA PEREIRA | I12: ALLAN NEVES DE PAULA | M12: =G12 -> JOSE ANTONIO DE BARROS | O12: =H12 -> AMARILDO ROSA PEREIRA | P12: =I12 -> ALLAN NEVES DE PAULA | Q12: =J12 | R12: =K12 | S12: =L12 | U12: =G12 -> JOSE ANTONIO DE BARROS | X12: =H12 -> AMARILDO ROSA PEREIRA | Y12: =I12 -> ALLAN NEVES DE PAULA | Z12: =J12 | AA12: =K12 | AB12: =L12 | AC12: =G12 -> JOSE ANTONIO DE BARROS | AD12: =H12 -> AMARILDO ROSA PEREIRA | AE12: =I12 -> ALLAN NEVES DE PAULA | AF12: =J12 | AG12: =K12 | AH12: =L12 | AI12: =G12 -> JOSE ANTONIO DE BARROS | AJ12: =H12 -> AMARILDO ROSA PEREIRA | AK12: =I12 -> ALLAN NEVES DE PAULA | AL12: =J12 | AM12: =K12 | AN12: =L12
F19: MAT COD | G19: 2459 | H19: 2727 | I19: 3552 | M19: =G19 -> 2459 | O19: =H19 -> 2727 | P19: =I19 -> 3552 | Q19: =J19 | R19: =K19 | S19: =L19 | U19: =G19 -> 2459 | X19: =H19 -> 2727 | Y19: =I19 -> 3552 | Z19: =J19 | AA19: =K19 | AB19: =L19 | AC19: =G19 -> 2459 | AD19: =H19 -> 2727 | AE19: =I19 -> 3552 | AF19: =J19 | AG19: =K19 | AH19: =L19 | AI19: =G19 -> 2459 | AJ19: =H19 -> 2727 | AK19: =I19 -> 3552 | AL19: =J19 | AM19: =K19 | AN19: =L19
A21: ADMINISTRATIVO (8:00)
A36: 2º TURNO (7:25)
A42: 1º TURNO (6:05)
A47: CÓDIGO DA AUSÊNCIA
A53: CÓDIGOS | B53: 13 | D53: Serviços de mão-de-obra indireta e / ou deslocado da função | AE53: CÓDIGOS | AF53: 34 | AG53: Faltas, saídas antecipadas e atrasos
B54: 16 | D54: Treinamento / Cursos / Seminários / Liberação para cursos e treinamentos externos
B55: 19 | D55: Serviços externos (vinculados a O.S.) | AF55: 35 | AG55: Faltas Compensadas / Dispensa de Jornada
B56: 23 | D56: Ausência de pessoal: recebimento/ entrega de materiais e ferramentas, falta de operador para equipamentos, problemas pessoais ( bancos, médico, assembléias, associações e sindicatos )
B57: 24 | D57: Falta de trabalho (ociosidade) | AF57: 36 | AG57: Férias
B58: 50 | D58: Trabalhos normais de engenharia
B59: 51 | D59: Reparo de engenharia | AF59: 37 | AG59: Licença médica
B60: 52 | D60: Trabalhos de engenharia não previstos

Sheet Sábado e Domingo
A1: ='Segunda a Sexta'!A1:E9 -> SETOR IMC IMC-APCS | F1: RESPONSÁVEL | M1: DATA | V1: Tipo: | AC1: Folha 1/1
X4: NORMAL
AC5: ='Segunda a Sexta'!AC5:AN9 -> IMC_APCS
F6: ='Segunda a Sexta'!F6:L6 -> JOSE ANTONIO DE BARROS | X6: EXTRA / SÁBADO
F8: ='Segunda a Sexta'!F8:L8 -> Matr.: 2459 | X8: DOMINGO / FERIADO
B10: ORDEM DE SERVIÇO (N. REDUZIDO) | C10: ORDEM DE SERVIÇO | D10: FA | E10: OF | G10: Sábado | M10: Domingo
G11: 36892 | M11: 36892
G12: ='Segunda a Sexta'!G12:G18 -> JOSE ANTONIO DE BARROS | H12: ='Segunda a Sexta'!H12:H18 -> AMARILDO ROSA PEREIRA | I12: ='Segunda a Sexta'!I12:I18 -> ALLAN NEVES DE PAULA | J12: ='Segunda a Sexta'!J12:J18 | K12: ='Segunda a Sexta'!K12:K18 | L12: ='Segunda a Sexta'!L12:L18 | M12: ='Segunda a Sexta'!G12:G18 -> JOSE ANTONIO DE BARROS | O12: ='Segunda a Sexta'!H12:H18 -> AMARILDO ROSA PEREIRA | P12: ='Segunda a Sexta'!I12:I18 -> ALLAN NEVES DE PAULA | Q12: ='Segunda a Sexta'!J12:J18 | R12: ='Segunda a Sexta'!K12:K18 | S12: ='Segunda a Sexta'!L12:L18
F19: MAT COD | G19: ='Segunda a Sexta'!G19:G20 -> 2459 | H19: ='Segunda a Sexta'!H19:H20 -> 2727 | I19: ='Segunda a Sexta'!I19:I20 -> 3552 | J19: ='Segunda a Sexta'!J19:J20 | K19: ='Segunda a Sexta'!K19:K20 | L19: ='Segunda a Sexta'!L19:L20 | M19: ='Segunda a Sexta'!G19:G20 -> 2459 | O19: ='Segunda a Sexta'!H19:H20 -> 2727 | P19: ='Segunda a Sexta'!I19:I20 -> 3552 | Q19: ='Segunda a Sexta'!J19:J20 | R19: ='Segunda a Sexta'!K19:K20 | S19: ='Segunda a Sexta'!L19:L20
A21: ADMINISTRATIVO (8:00)
A36: 2º TURNO (7:25)
A42: 1º TURNO (6:05)
A47: CÓDIGO DA AUSÊNCIA
A53: CÓDIGOS | B53: 13 | D53: Serviços de mão-de-obra indireta e / ou deslocado da função | AE53: CÓDIGOS | AF53: 34 | AG53: Faltas, saídas antecipadas e atrasos
B54: 16 | D54: Treinamento / Cursos / Seminários / Liberação para cursos e treinamentos externos
B55: 19 | D55: Serviços externos (vinculados a O.S.) | AF55: 35 | AG55: Faltas Compensadas / Dispensa de Jornada
B56: 23 | D56: Ausência de pessoal: recebimento/ entrega de materiais e ferramentas, falta de operador para equipamentos, problemas pessoais ( bancos, médico, assembléias, associações e sindicatos )
B57: 24 | D57: Falta de trabalho (ociosidade) | AF57: 36 | AG57: Férias
B58: 50 | D58: Trabalhos normais de engenharia
B59: 51 | D59: Reparo de engenharia | AF59: 37 | AG59: Licença médica
B60: 52 | D60: Trabalhos de engenharia não previstos
