Workbook

Sheet Segunda a Sexta
A1: SETOR IMC IMC-APQI | E1: RESPONSÁVEL | L1: DATA | U1: Tipo: | AB1: Folha 1/1
W4: NORMAL
AB5: IMC_APQI
E6: DENILSON ALVES CRUZ | W6: EXTRA / SÁBADO
E8: Matr.: 2550 | W8: DOMINGO / FERIADO
B10: ORDEM DE SERVIÇO | C10: FA | D10: OF | F10: Segunda-Feira | L10: Terça-Feira | T10: Quarta-Feira | AB10: Quinta-Feira | AH10: Sexta-Feira
F11: 36892 | L11: 36892 | T11: 36892 | AB11: 36892 | AH11: 36892
F12: ROBERTO NAZARIO DA SILVA | G12: GILSON PAULA FERREIRA | H12: ADEMIR JOSE DE LIMA CAVALCANTI | I12: DENILSON ALVES CRUZ | J12: JOSE SERGIO DO NASCIMENTO SILVA | L12: =F12 -> ROBERTO NAZARIO DA SILVA | N12: =G12 -> GILSON PAULA FERREIRA | O12: =H12 -> ADEMIR JOSE DE LIMA CAVALCANTI | P12: =I12 -> DENILSON ALVES CRUZ | Q12: =J12 -> JOSE SERGIO DO NASCIMENTO SILVA | R12: =K12 | T12: =F12 -> ROBERTO NAZARIO DA SILVA | W12: =G12 -> GILSON PAULA FERREIRA | X12: =H12 -> ADEMIR JOSE DE LIMA CAVALCANTI | Y12: =I12 -> DENILSON ALVES CRUZ | Z12: =J12 -> JOSE SERGIO DO NASCIMENTO SILVA | AA12: =K12 | AB12: =F12 -> ROBERTO NAZARIO DA SILVA | AC12: =G12 -> GILSON PAULA FERREIRA | AD12: =H12 -> ADEMIR JOSE DE LIMA CAVALCANTI | AE12: =I12 -> DENILSON ALVES CRUZ | AF12: =J12 -> JOSE SERGIO DO NASCIMENTO SILVA | AG12: =K12 | AH12: =F12 -> ROBERTO NAZARIO DA SILVA | AI12: =G12 -> GILSON PAULA FERREIRA | AJ12: =H12 -> ADEMIR JOSE DE LIMA CAVALCANTI | AK12: =I12 -> DENILSON ALVES CRUZ | AL12: =J12 -> JOSE SERGIO DO NASCIMENTO SILVA | AM12: =K12
E19: MAT COD | F19: 80 | G19: 2128 | H19: 2466 | I19: 2550 | J19: 3030 | L19: =F19 -> 80 | N19: =G19 -> 2128 | O19: =H19 -> 2466 | P19: =I19 -> 2550 | Q19: =J19 -> 3030 | R19: =K19 | T19: =F19 -> 80 | W19: =G19 -> 2128 | X19: =H19 -> 2466 | Y19: =I19 -> 2550 | Z19: =J19 -> 3030 | AA19: =K19 | AB19: =F19 -> 80 | AC19: =G19 -> 2128 | AD19: =H19 -> 2466 | AE19: =I19 -> 2550 | AF19: =J19 -> 3030 | AG19: =K19 | AH19: =F19 -> 80 | AI19: =G19 -> 2128 | AJ19: =H19 -> 2466 | AK19: =I19 -> 2550 | AL19: =J19 -> 3030 | AM19: =K19
A21: ADMINISTRATIVO (8:00)
A36: 2º TURNO (7:25)
A42: 1º TURNO (6:05)
A47: CÓDIGO DA AUSÊNCIA
A53: CÓDIGOS | B53: 13 | C53: Serviços de mão-de-obra indireta e / ou deslocado da função | AD53: CÓDIGOS | AE53: 34 | AF53: Faltas, saídas antecipadas e atrasos
B54: 16 | C54: Treinamento / Cursos / Seminários / Liberação para cursos e treinamentos externos
B55: 19 | C55: Serviços externos (vinculados a O.S.) | AE55: 35 | AF55: Faltas Compensadas / Dispensa de Jornada
B56: 23 | C56: Ausência de pessoal: recebimento/ entrega de materiais e ferramentas, falta de operador para equipamentos, problemas pessoais ( bancos, médico, assembléias, associações e sindicatos )
B57: 24 | C57: Falta de trabalho (ociosidade) | AE57: 36 | AF57: Férias
B58: 50 | C58: Trabalhos normais de engenharia
B59: 51 | C59: Reparo de engenharia | AE59: 37 | AF59: Licença médica
B60: 52 | C60: Trabalhos de engenharia não previstos

Sheet Sábado e Domingo
A1: ='Segunda a Sexta'!A1:D9 -> SETOR IMC IMC-APQI | E1: RESPONSÁVEL | L1: DATA | U1: Tipo: | AB1: Folha 1/1
W4: NORMAL
AB5: ='Segunda a Sexta'!AB5:AM9 -> IMC_APQI
E6: ='Segunda a Sexta'!E6:K6 -> DENILSON ALVES CRUZ | W6: EXTRA / SÁBADO
E8: ='Segunda a Sexta'!E8:K8 -> Matr.: 2550 | W8: DOMINGO / FERIADO
B10: ORDEM DE SERVIÇO | C10: FA | D10: OF | F10: Sábado | L10: Domingo
F11: 36892 | L11: 36892
F12: ='Segunda a Sexta'!F12:F18 -> ROBERTO NAZARIO DA SILVA | G12: ='Segunda a Sexta'!G12:G18 -> GILSON PAULA FERREIRA | H12: ='Segunda a Sexta'!H12:H18 -> ADEMIR JOSE DE LIMA CAVALCANTI | I12: ='Segunda a Sexta'!I12:I18 -> DENILSON ALVES CRUZ | J12: ='Segunda a Sexta'!J12:J18 -> JOSE SERGIO DO NASCIMENTO SILVA | K12: ='Segunda a Sexta'!K12:K18 | L12: ='Segunda a Sexta'!F12:F18 -> ROBERTO NAZARIO DA SILVA | N12: ='Segunda a Sexta'!G12:G18 -> GILSON PAULA FERREIRA | O12: ='Segunda a Sexta'!H12:H18 -> ADEMIR JOSE DE LIMA CAVALCANTI | P12: ='Segunda a Sexta'!I12:I18 -> DENILSON ALVES CRUZ | Q12: ='Segunda a Sexta'!J12:J18 -> JOSE SERGIO DO NASCIMENTO SILVA | R12: ='Segunda a Sexta'!K12:K18
E19: MAT COD | F19: ='Segunda a Sexta'!F19:F20 -> 80 | G19: ='Segunda a Sexta'!G19:G20 -> 2128 | H19: ='Segunda a Sexta'!H19:H20 -> 2466 | I19: ='Segunda a Sexta'!I19:I20 -> 2550 | J19: ='Segunda a Sexta'!J19:J20 -> 3030 | K19: ='Segunda a Sexta'!K19:K20 | L19: ='Segunda a Sexta'!F19:F20 -> 80 | N19: ='Segunda a Sexta'!G19:G20 -> 2128 | O19: ='Segunda a Sexta'!H19:H20 -> 2466 | P19: ='Segunda a Sexta'!I19:I20 -> 2550 | Q19: ='Segunda a Sexta'!J19:J20 -> 3030 | R19: ='Segunda a Sexta'!K19:K20
A21: ADMINISTRATIVO (8:00)
A36: 2º TURNO (7:25)
A42: 1º TURNO (6:05)
A47: CÓDIGO DA AUSÊNCIA
A53: CÓDIGOS | B53: 13 | C53: Serviços de mão-de-obra indireta e / ou deslocado da função | AD53: CÓDIGOS | AE53: 34 | AF53: Faltas, saídas antecipadas e atrasos
B54: 16 | C54: Treinamento / Cursos / Seminários / Liberação para cursos e treinamentos externos
B55: 19 | C55: Serviços externos (vinculados a O.S.) | AE55: 35 | AF55: Faltas Compensadas / Dispensa de Jornada
B56: 23 | C56: Ausência de pessoal: recebimento/ entrega de materiais e ferramentas, falta de operador para equipamentos, problemas pessoais ( bancos, médico, assembléias, associações e sindicatos )
B57: 24 | C57: Falta de trabalho (ociosidade) | AE57: 36 | AF57: Férias
B58: 50 | C58: Trabalhos normais de engenharia
B59: 51 | C59: Reparo de engenharia | AE59: 37 | AF59: Licença médica
B60: 52 | C60: Trabalhos de engenharia não previstos
